affected,end_date,deaths,lon,damage,lat,start_date,death_level,affected_level,damage_level
0,03/04/1990,0,-85.8188874,0,11.4372451,03/04/1990,1,1,1
0,07/06/1990,0,145.516778,0,-4.5774142,07/06/1990,1,1,1
0,06/10/1908,0,26.7016107,0,48.2405023,06/10/1908,1,1,1
0,12/05/1912,0,26.7016107,0,48.2405023,12/05/1912,1,1,1
0,14/06/1913,0,26.7016107,0,48.2405023,14/06/1913,1,1,1
0,26/01/1916,0,26.7016107,0,48.2405023,26/01/1916,1,1,1
0,14/04/1928,0,26.7016107,0,48.2405023,14/04/1928,1,1,1
0,29/03/1934,0,26.7016107,0,48.2405023,29/03/1934,1,1,1
0,07/09/1945,0,26.7016107,0,48.2405023,07/09/1945,1,1,1
0,09/12/1945,0,26.7016107,0,48.2405023,09/12/1945,1,1,1
0,29/11/2007,0,-60.92750100000001,0,14.09064,29/11/2007,1,1,1
0,12/02/1920,0,18.62084,0,-34.06307,12/02/1920,1,1,1
0,19/07/2011,0,69.60148749999999,0,40.2952166,19/07/2011,1,1,1
0,19/05/1901,0,35.7516069,0,-6.162959000000001,19/05/1901,1,1,1
0,19/07/1908,0,35.7516069,0,-6.162959000000001,19/07/1908,1,1,1
0,10/12/1913,0,35.7516069,0,-6.162959000000001,10/12/1913,1,1,1
0,12/07/1995,0,99.84198939999999,0,19.8916596,12/07/1995,1,1,1
0,24/05/1990,0,32.5941552,0,0.3502952,20/05/1990,1,1,1
0,/07/1985,0,168.2857847,0,-17.7827712,/07/1985,1,1,1
0,19/02/1990,0,168.2857847,0,-17.7827712,19/02/1990,1,1,1
0,05/03/1990,0,168.3194985,0,-17.6999984,05/03/1990,1,1,1
0,13/08/1994,0,167.4171728,0,-16.1065016,13/08/1994,1,1,1
0,25/02/2001,0,70.4424473,0,37.5462854,25/02/2001,1,1,1
0,03/06/1985,0,-124.1076812,0,40.8681259,03/06/1985,1,1,1
0,12/04/1998,0,13.6992428,0,46.5708504,12/04/1998,1,1,1
0,/08/1946,0,-71.62201,0,-33.0519512,/08/1946,1,1,1
0,09/03/1966,0,116.3692169,0,39.0033323,09/03/1966,1,1,1
0,16/08/1976,0,104.0831099,0,30.7557697,16/08/1976,1,1,1
0,04/05/1991,0,-83.7749012,0,10.2125659,04/05/1991,1,1,1
0,31/01/1906,0,-79.89551809999999,0,-2.215714,31/01/1906,1,1,1
0,19/06/1906,0,-89.19916119999999,0,13.6928799,19/06/1906,1,1,1
0,27/02/1913,0,38.8267667,0,9.0345722,27/02/1913,1,1,1
0,13/02/1927,0,39.5806772,0,11.7720669,13/02/1927,1,1,1
0,/06/1961,0,39.5806772,0,11.7720669,/06/1961,1,1,1
0,03/03/1990,0,177.255102,0,-17.653907,03/03/1990,1,1,1
0,23/06/1990,0,-95.2415582,0,38.95559540000001,23/06/1990,1,1,1
0,26/12/1915,0,-87.1929665,0,14.0938321,26/12/1915,1,1,1
0,/07/1979,0,74.4549528,0,34.292838,/07/1979,1,1,1
0,16/04/1980,0,107.0590069,0,-6.246845,16/04/1980,1,1,1
0,13/02/2001,0,102.2761217,0,-3.7929112,13/02/2001,1,1,1
0,25/11/1930,0,139.098903,0,34.9691367,25/11/1930,1,1,1
0,24/05/1990,0,36.7312822,0,-1.2493664,24/05/1990,1,1,1
0,19/07/2011,0,71.7310615,0,40.1321087,19/07/2011,1,1,1
0,24/10/1993,0,-100.3055464,0,25.7247237,24/10/1993,1,1,1
0,12/07/1995,0,95.2232629,0,19.2935279,12/07/1995,1,1,1
0,30/05/1990,1,25.6267167,0,43.0787142,30/05/1990,2,1,1
0,12/05/2015,1,88.8848651,0,29.2581342,12/05/2015,2,1,1
0,09/08/1980,2,-86.0073558,0,15.6573952,09/08/1980,2,1,1
0,03/03/2002,3,71.66342879999999,0,34.8036096,03/03/2002,2,1,1
0,28/03/1982,3,-76.9124652,0,-12.2391764,28/03/1982,2,1,1
0,28/08/1992,4,67.05490379999999,0,30.2203956,28/08/1992,2,1,1
0,12/12/1953,7,-77.1020848,0,-12.0445238,12/12/1953,2,1,1
0,20/10/1958,8,112.6199246,0,-7.993379999999999,20/10/1958,2,1,1
0,22/12/1983,10,147.6637402,0,-9.158473899999999,22/12/1983,2,1,1
0,14/04/1983,10,-71.53239669999999,0,-16.4369222,14/04/1983,2,1,1
0,26/12/2004,10,39.2874756,0,-6.8179766,26/12/2004,2,1,1
0,21/04/2007,10,-71.22524709999999,0,-34.9727575,21/04/2007,2,1,1
0,06/12/2000,11,54.3564764,0,39.5180864,06/12/2000,2,1,1
0,30/04/1939,12,-76.59907369999999,0,38.8050803,30/04/1939,3,1,1
0,24/06/1910,12,5.071153799999999,0,36.7584519,24/06/1910,3,1,1
0,26/06/1926,12,31.3248801,0,30.1210524,26/06/1926,3,1,1
0,14/02/1981,12,-120.671593,0,35.2696915,14/02/1981,3,1,1
0,20/02/1957,13,10.1997442,0,36.742285,20/02/1957,3,1,1
0,19/07/2011,13,71.8852966,0,40.3369262,19/07/2011,3,1,1
0,03/07/1966,14,41.5047764,0,38.7593488,03/07/1966,3,1,1
0,20/05/1992,14,69.19851489999999,0,34.53980689999999,20/05/1992,3,1,1
0,26/12/1941,15,96.1516954,0,16.7987714,26/12/1941,3,1,1
0,/11/1982,17,26.78157,0,-26.9729,/11/1982,3,1,1
0,22/06/1939,17,-0.2602285,0,5.561689400000001,22/06/1939,3,1,1
0,09/09/1936,17,98.6605771,0,3.6047289,09/09/1936,3,1,1
0,31/01/1973,17,-102.7153884,0,20.0565943,31/01/1973,3,1,1
0,/06/1929,17,174.7648166,0,-41.3366301,/06/1929,3,1,1
0,13/04/1923,18,158.6401889,0,53.055637,13/04/1923,3,1,1
0,22/10/1952,18,35.5807611,0,36.9877269,22/10/1952,3,1,1
0,10/08/1901,18,140.965296,0,38.573425,10/08/1901,3,1,1
0,12/05/2015,20,85.055908,0,25.607411,12/05/2015,3,1,1
0,//1970,26,72.5167045,0,23.0020117,//1970,3,1,1
0,25/01/1948,27,122.9555142,0,10.6883181,25/01/1948,3,1,1
0,06/10/1944,27,26.7062947,0,39.3326745,06/10/1944,3,1,1
0,18/11/1928,27,-55.7759905,0,47.09471930000001,18/11/1928,3,1,1
0,/06/1979,27,139.8421525,0,35.8190837,/06/1979,3,1,1
0,15/01/1958,28,-71.5330946,0,-16.3998901,15/01/1958,3,1,1
0,26/08/1959,28,-96.9088972,0,19.5410474,26/08/1959,3,1,1
0,03/09/1968,29,32.866599,0,40.000775,03/09/1968,3,1,1
0,03/01/1942,30,113.2600937,0,23.1465848,03/01/1942,3,1,1
0,04/12/1930,36,96.80198449999999,0,17.9509796,04/12/1930,3,1,1
0,20/02/1940,37,35.4903749,0,38.3907778,20/02/1940,3,1,1
0,03/03/1924,40,-79.88579790000001,0,-2.2036911,03/03/1924,3,1,1
0,/01/1965,40,99.089536,0,2.928373,/01/1965,3,1,1
0,07/07/1907,41,139.8720034,0,37.6520965,07/07/1907,3,1,1
0,21/11/1939,43,29.2260815,0,40.903289,21/11/1939,3,1,1
0,11/06/1909,46,5.3469459,0,43.6636384,11/06/1909,3,1,1
0,/09/1959,47,-69.4415812,0,44.53182169999999,/09/1959,3,1,1
0,19/01/1975,47,76.9513432,0,30.8431882,19/01/1975,3,1,1
0,03/10/1931,50,-76.59907369999999,0,38.8050803,03/10/1931,3,2,1
0,13/01/1960,57,-71.5330946,0,-16.3998901,13/01/1960,4,2,1
0,02/05/1971,57,30.2980774,0,37.7317025,02/05/1971,4,2,1
0,/06/1961,60,47.0571193,0,38.4703541,/06/1961,4,2,1
0,23/05/1960,61,-154.9710279,0,19.5545944,23/05/1960,4,2,1
0,/02/1965,71,99.089536,0,2.928373,/02/1965,4,2,1
0,/08/1946,73,-69.9011179,0,18.5285881,/08/1946,4,2,1
0,18/03/1914,94,140.4881388,0,39.1564048,18/03/1914,4,2,1
0,11/11/1922,100,-70.63091179999999,0,-33.4533068,11/11/1922,4,2,1
0,//1972,100,72.5167045,0,23.0020117,//1972,4,2,1
0,21/01/1909,100,-5.3380323,0,35.5887482,21/01/1909,4,2,1
0,//1928,103,24.0633627,0,38.1615297,//1928,4,2,1
0,14/04/1928,107,26.9178748,0,43.2812272,14/04/1928,4,2,1
0,/07/1962,112,-76.5357219,0,3.2678043,/07/1962,4,2,1
0,//1918,116,-66.6133213,0,18.4338406,//1918,4,2,1
0,04/08/1928,128,124.8298654,0,1.44951,04/08/1928,4,2,1
0,04/10/1913,150,-71.98714570000001,0,-13.5154539,04/10/1913,4,2,1
0,//1941,174,-99.15719299999999,0,19.4209179,//1941,4,2,1
0,02/01/1902,185,-89.55199239999999,0,13.5132038,02/01/1902,4,2,1
0,30/01/1943,200,-77.04414140000002,0,-11.9803224,30/01/1943,4,2,1
0,/08/1967,200,121.0469028,0,14.5506214,/08/1967,4,2,1
0,14/05/1942,200,-79.9234335,0,-2.1694384,14/05/1942,4,2,1
0,15/08/1968,200,119.8656099,0,-0.6914002,15/08/1968,4,2,1
0,//1981,212,72.5167045,0,23.0020117,//1981,4,2,1
0,//1928,220,-71.6466863,0,-35.42452919999999,//1928,4,2,1
0,01/11/1947,233,-74.6382701,0,-11.2451035,01/11/1947,4,2,1
0,11/07/1927,242,35.9172126,0,31.9743183,11/07/1927,4,2,1
0,24/05/1940,249,-77.101644,0,-12.0437423,24/05/1940,4,2,1
0,//1948,260,30.6144767,0,36.849764,//1948,4,2,1
0,12/02/1946,276,6.5683297,0,36.2448413,12/02/1946,4,2,1
0,31/01/1906,400,-78.7687792,0,1.8215588,31/01/1906,4,2,1
0,/11/1946,400,72.5167045,0,23.0020117,/11/1946,4,2,1
0,/11/1970,430,-76.5357219,0,3.2678043,/11/1970,4,2,1
0,/08/1951,500,-96.9293785,0,19.5202228,/08/1951,4,2,1
0,/06/1955,500,102.6085559,0,15.8351419,/06/1955,4,2,1
0,28/08/1973,500,-99.15407189999999,0,19.4241618,28/08/1973,4,2,1
0,05/05/1930,500,96.10639859999999,0,17.0787675,05/05/1930,4,2,1
0,//1960,570,-71.62201,0,-33.0519512,//1960,4,2,1
0,04/02/1906,1000,-86.0414878,0,12.0338949,04/02/1906,4,2,1
0,//1922,1000,-71.62201,0,-33.0519512,//1922,4,2,1
0,10/09/1943,1083,133.3395298,0,35.4412317,10/09/1943,4,2,1
0,02/12/1957,1200,106.9190688,0,47.9311589,02/12/1957,4,2,1
0,17/03/1906,1266,121.4007099,0,31.2075723,17/03/1906,4,2,1
0,10/11/1946,1400,-75.2073736,0,-12.0710847,10/11/1946,4,2,1
0,15/08/1950,1500,92.7954106,0,24.8099831,15/08/1950,4,2,1
0,13/04/1910,1750,-83.93585829999999,0,9.884379899999999,13/04/1910,4,2,1
0,30/07/1917,1800,-69.4415812,0,44.53182169999999,30/07/1917,4,2,1
0,12/01/1945,1961,140.926282,0,38.283868,12/01/1945,4,2,1
0,10/06/1954,2000,69.1666984,0,34.5358547,10/06/1954,4,2,1
0,18/04/1902,2000,-91.5079724,0,14.8368485,18/04/1902,4,2,1
0,01/09/1923,2144,139.0665274,0,35.0934377,01/09/1923,4,2,1
0,25/05/1923,2200,-69.4415812,0,44.53182169999999,25/05/1923,4,2,1
0,06/05/1930,2500,47.0571193,0,38.4703541,06/05/1930,4,2,1
0,08/09/1905,2500,16.1562401,0,39.4025614,08/09/1905,4,2,1
0,29/12/1917,2650,-90.5154638,0,14.6518608,29/12/1917,4,2,1
0,16/07/1935,2700,120.3712589,0,23.8991789,16/07/1935,4,2,1
0,20/12/1942,3000,36.9536019,0,40.590542,20/12/1942,4,2,1
0,25/07/1969,3000,117.7046438,0,39.025976,25/07/1969,4,2,1
0,03/03/1933,3000,140.965296,0,38.573425,03/03/1933,4,2,1
0,01/02/1944,3959,32.8544278,0,39.9022333,01/02/1944,4,2,1
0,27/11/1945,4000,64.307608,0,25.4775565,27/11/1945,4,2,1
0,26/11/1942,4000,-100.9197982,0,34.3275516,26/11/1942,4,2,1
0,24/03/1923,5000,-69.4415812,0,44.53182169999999,24/03/1923,4,2,1
0,16/03/1925,5000,120.312235,0,36.068854,16/03/1925,4,2,1
0,29/04/1903,6000,34.232635,0,36.5648627,29/04/1903,4,2,1
0,15/01/1934,6000,85.055908,0,25.607411,15/01/1934,4,2,1
0,15/01/1934,9040,80.38869749999999,0,28.89352299999999,15/01/1934,4,2,1
0,13/02/1918,10000,121.195844,0,36.74825999999999,13/02/1918,4,2,1
0,25/09/1933,10000,-69.4415812,0,44.53182169999999,25/09/1933,4,2,1
0,/01/1970,10000,100.2653229,0,25.6069511,/01/1970,4,2,1
0,04/02/1975,10000,121.7592654,0,39.0476171,04/02/1975,4,2,1
0,21/10/1907,12000,119.940524,0,31.825516,21/10/1907,4,2,1
0,21/01/1917,15000,115.1767695,0,-8.709959,21/01/1917,4,2,1
0,/05/1974,20000,120.312235,0,36.068854,/05/1974,4,2,1
0,05/04/1905,20000,75.8572758,0,30.900965,05/04/1905,4,2,1
0,31/05/1935,60000,67.05490379999999,0,30.2203956,31/05/1935,4,2,1
0,26/12/1932,70000,105.9744856,0,34.54589,26/12/1932,4,2,2
0,16/12/1920,180000,105.9744856,0,34.54589,16/12/1920,4,2,2
0,22/05/1927,200000,112.401602,0,34.653862,22/05/1927,4,2,2
1,29/11/2007,0,-59.6181339,0,13.1041276,29/11/2007,1,2,2
1,16/06/1990,0,21.6481861,0,39.762764,16/06/1990,1,2,2
1,09/08/2000,0,-99.14023379999999,0,19.477084,09/08/2000,1,2,2
2,27/07/1980,0,-84.504925,0,39.054398,27/07/1980,1,2,2
2,27/01/2003,1,39.8480116,0,39.6039498,27/01/2003,2,2,2
2,16/10/1979,11,5.7475882,0,43.1908744,16/10/1979,2,2,2
5,15/06/1982,10,100.2948297,0,29.0357279,15/06/1982,2,2,2
6,17/06/1990,0,66.9553131,0,30.0439471,17/06/1990,1,2,2
6,25/03/1976,2,-100.9197982,0,34.3275516,25/03/1976,2,2,2
6,22/09/1987,2,-78.5170722,0,-0.224264,22/09/1987,2,2,2
6,18/10/1990,10,27.4980891,0,-26.3233993,18/10/1990,2,2,2
7,15/09/1985,10,136.3768663,0,-3.799932,15/09/1985,2,2,2
8,20/11/1980,0,88.59564429999999,0,27.2810009,20/11/1980,1,2,2
9,06/08/1984,0,130.7755365,0,32.7340001,06/08/1984,1,2,2
9,17/01/2010,8,106.6878517,0,26.5564476,17/01/2010,2,2,2
10,05/06/2015,24,116.659998,0,5.948296,05/06/2015,3,2,2
12,21/09/2009,11,91.2147696,0,27.6008446,21/09/2009,2,2,2
15,01/12/2004,0,3.8220426,0,36.5354429,01/12/2004,1,2,2
15,01/08/1993,3,32.5911749,0,15.5541433,01/08/1993,2,2,2
15,18/04/1981,8,-77.03412829999999,0,-12.1127694,18/04/1981,2,2,2
16,24/03/2011,1,99.84198939999999,0,19.8916596,24/03/2011,1,2,2
16,06/05/1990,2,15.769808,0,40.5865377,06/05/1990,2,2,2
17,12/07/1980,1,22.9301956,0,39.3739712,12/07/1980,2,2,2
17,07/06/1982,9,-115.5207441,0,32.6169877,07/06/1982,2,2,2
18,13/08/2014,3,-78.5808787,0,-0.2844431,13/08/2014,2,2,2
20,13/03/1993,5,-176.179787,0,-13.282452,13/03/1993,2,2,2
20,23/08/1936,9,95.31802499999999,0,5.5413235,23/08/1936,2,2,2
20,26/06/1914,20,102.8841832,0,-3.7863909,26/06/1914,3,2,2
25,16/10/1988,0,20.7957387,0,38.0663046,16/10/1988,1,2,2
25,27/08/1977,2,106.8648634,0,-6.2945042,27/08/1977,2,2,2
28,25/10/1981,3,-99.30096320000001,0,19.3541283,25/10/1981,2,2,2
28,19/08/1976,4,27.846113,0,37.837769,19/08/1976,2,2,2
28,05/01/1988,8,18.62084,0,-34.06307,05/01/1988,2,2,2
28,12/09/1955,20,30.0033766,0,31.2487294,12/09/1955,3,2,2
40,18/08/1980,8,-79.887332,0,-2.2796243,18/08/1980,2,2,2
40,24/08/1980,13,74.82899789999999,0,32.769996,24/08/1980,3,2,2
42,26/12/2006,2,120.5052213,0,22.6828367,26/12/2006,2,2,2
46,15/11/1986,13,121.540962,0,25.0515352,15/11/1986,3,2,2
46,21/07/1997,15,26.7910331,0,-26.8382643,21/07/1997,3,2,2
50,14/08/2003,0,20.7139496,0,38.71105290000001,14/08/2003,1,2,2
50,30/05/1987,2,51.43510389999999,0,35.75888279999999,30/05/1987,2,2,2
50,28/09/2013,22,62.40656019999999,0,25.3387124,28/09/2013,3,2,2
50,01/12/1927,50,106.9101263,0,-6.1435416,01/12/1927,3,2,2
60,21/12/1990,1,22.4206521,0,40.8750688,21/12/1990,2,2,2
60,09/06/1980,2,-110.2908838,0,24.1655081,09/06/1980,2,2,2
67,20/11/1994,0,112.1779083,0,-8.1138428,20/11/1994,1,2,2
68,22/09/1939,60,31.4194708,0,41.2819098,22/09/1939,4,2,2
69,22/11/1995,10,31.4649445,0,30.0322947,22/11/1995,2,2,2
70,03/01/2016,5,90.36296589999999,0,23.795222,03/01/2016,2,2,2
70,/04/1956,11,-3.618484800000001,0,37.1845294,/04/1956,2,2,2
73,25/09/1980,2,139.7074392,0,35.6601304,25/09/1980,2,2,2
85,26/03/1995,1,-78.52999849999999,0,-0.2516833,26/03/1995,2,2,2
85,25/12/2015,3,71.4360588,0,33.9920914,25/12/2015,2,2,2
89,10/01/1984,2,118.890143,0,-2.674521,10/01/1984,2,2,2
97,23/02/1969,64,118.9713221,0,-3.542499,23/02/1969,4,2,2
100,06/06/2000,0,103.828513,0,36.058427,06/06/2000,1,2,2
100,21/11/2004,0,-61.30087849999999,0,15.5460663,21/11/2004,1,2,2
100,11/01/1986,1,-77.08088359999999,0,-11.9984043,11/01/1986,1,2,2
100,29/11/2007,1,-61.07256,0,14.609371,29/11/2007,2,2,2
100,06/02/1988,2,91.86624619999999,0,24.9086127,06/02/1988,2,2,2
100,28/04/1957,23,28.946316,0,41.027916,28/04/1957,3,2,2
100,10/09/1953,40,-81.69376419999999,0,33.6185944,10/09/1953,3,2,2
100,09/07/1956,53,23.7141196,0,38.0397842,09/07/1956,4,2,2
100,11/04/1967,71,119.007941,0,-3.4809926,11/04/1967,4,2,2
101,02/07/1954,13,121.0469028,0,14.5506214,02/07/1954,3,2,2
103,05/10/1999,0,36.3177127,0,41.3071085,05/10/1999,1,2,2
103,06/07/1990,0,106.760844,0,-6.299104,06/07/1990,1,2,2
105,09/11/2011,40,43.4207815,0,38.5203084,09/11/2011,3,2,2
113,14/04/1955,39,121.455301,0,31.237046,14/04/1955,3,2,2
114,01/12/2006,1,98.698785,0,3.598432,01/12/2006,2,2,2
119,26/05/1957,53,31.4875699,0,40.720793,26/05/1957,4,2,2
120,30/03/1990,0,-104.9270121,0,39.75656499999999,30/03/1990,1,2,2
120,29/03/1985,1,105.4240357,0,29.3858639,29/03/1985,2,2,2
120,30/05/1990,8,-99.0317405,0,19.5598821,30/05/1990,2,2,2
130,20/06/2006,0,120.3197493,0,30.4382761,20/06/2006,1,2,2
131,10/07/2001,0,41.2833973,0,39.8973139,10/07/2001,1,2,2
132,07/04/2011,2,141.3058221,0,38.4316917,07/04/2011,2,2,2
134,30/11/1967,11,19.790867,0,41.3741437,30/11/1967,2,2,2
135,25/12/2003,2,-82.9019308,0,8.6044552,25/12/2003,2,2,2
137,25/09/1996,0,113.115801,0,28.182705,25/09/1996,1,2,2
142,10/04/2016,6,71.7912525,0,34.0047601,10/04/2016,2,2,2
145,18/04/1993,6,-80.6248305,0,-5.1936388,18/04/1993,2,2,2
147,18/05/2016,1,-79.7068357,0,0.9009003999999999,18/05/2016,2,2,2
150,07/09/2009,0,20.428656,0,41.6849747,07/09/2009,1,2,2
150,09/08/1991,0,-84.0792946,0,9.9356473,09/08/1991,1,2,2
150,13/08/1951,54,29.0598333,0,40.1833106,13/08/1951,4,2,2
152,11/12/2011,2,-99.5411351,0,19.2311197,11/12/2011,2,2,2
153,21/11/2004,1,-61.73032959999999,0,15.992573,21/11/2004,2,2,2
160,21/08/2008,6,97.926059,0,24.706514,21/08/2008,2,2,2
165,12/08/1985,0,28.9965639,0,41.0904831,12/08/1985,1,2,2
165,04/03/1977,20,25.9584121,0,43.839762,04/03/1977,3,2,2
166,31/08/1999,1,30.0147931,0,40.7128023,31/08/1999,2,2,2
170,10/04/2003,0,26.8272873,0,38.2102186,10/04/2003,1,2,2
175,10/09/2007,0,-78.1106746,0,2.4770279,10/09/2007,1,2,2
176,14/05/1995,15,106.6120674,0,-6.1925591,14/05/1995,3,2,2
186,31/08/1985,0,20.7476584,0,38.9609397,31/08/1985,1,2,2
197,14/07/1989,0,106.6133614,0,-6.1926514,14/07/1989,1,2,2
200,04/06/2005,1,146.9970895,0,-6.6670554,04/06/2005,1,2,2
200,13/09/2002,2,88.366475,0,22.541386,13/09/2002,2,2,2
200,11/11/1999,3,30.36444,0,40.759436,11/11/1999,2,2,2
200,25/04/2015,4,90.3697558,0,23.7808291,25/04/2015,2,2,2
200,07/04/1970,14,121.0469028,0,14.5506214,07/04/1970,3,2,2
200,22/11/1997,23,91.8124369,0,22.3950583,22/11/1997,3,2,2
200,04/03/1952,30,141.3515712,0,43.0680138,04/03/1952,3,2,2
200,30/04/1954,31,-77.73200299999999,0,43.2972246,30/04/1954,3,2,2
200,21/05/1950,83,-71.9847338,0,-13.5349436,21/05/1950,4,2,2
200,16/03/1956,136,35.9854677,0,33.8646676,16/03/1956,4,2,2
201,15/04/2007,0,136.7148188,0,34.4880257,15/04/2007,1,2,2
210,22/05/2012,0,23.0432673,0,42.6149742,22/05/2012,1,2,2
217,14/01/1978,25,139.355057,0,34.7486342,14/01/1978,3,2,2
219,21/07/1956,113,70.0362648,0,23.1192878,21/07/1956,4,2,2
237,11/06/2012,73,69.1442424,0,34.5837224,11/06/2012,4,2,2
240,26/07/2003,0,28.8501413,0,38.0450226,26/07/2003,1,2,2
240,10/07/1993,3,-83.93585829999999,0,9.884379899999999,10/07/1993,2,2,2
247,27/05/2003,1,128.2919629,0,2.0473828,27/05/2003,2,2,2
250,24/08/2002,0,31.4649445,0,30.0322947,24/08/2002,1,2,2
250,03/01/1952,62,32.5288799,0,37.8844676,03/01/1952,4,2,2
257,01/12/2016,1,-71.5717537,0,-16.37683,01/12/2016,1,2,2
258,08/06/2011,0,88.337482,0,43.326262,08/06/2011,1,2,2
259,04/03/1995,8,-74.05816,0,4.850159,04/03/1995,2,2,2
267,//1962,97,32.5119373,0,37.837074,//1962,4,2,2
270,01/06/2001,4,69.23363239999999,0,35.1213982,01/06/2001,2,2,2
280,11/07/1999,2,-88.0458112,0,15.4907944,11/07/1999,2,2,2
280,20/11/2004,8,-83.97027690000002,0,9.9057271,20/11/2004,2,2,2
285,03/01/1994,0,100.614184,0,36.283473,03/01/1994,1,2,2
285,20/10/1993,0,-73.535099,0,41.058974,20/10/1993,1,2,2
286,09/12/2007,1,-45.8474644,0,-23.1803316,09/12/2007,2,2,2
300,10/01/2004,0,3.0896085,0,36.7231452,10/01/2004,1,2,2
300,26/07/2001,0,24.485048,0,38.965621,26/07/2001,1,2,2
300,18/04/1985,22,100.2653229,0,25.6069511,18/04/1985,3,2,2
300,//1954,50,103.6355621,0,36.0870474,//1954,3,2,2
302,20/10/1984,1,15.094573,0,37.578905,20/10/1984,2,2,2
306,07/06/1981,0,12.6868876,0,41.864397,07/06/1981,1,2,2
310,25/03/1990,0,-83.4602997,0,8.9567239,25/03/1990,1,2,2
310,27/06/1987,9,18.62084,0,-34.06307,27/06/1987,2,2,2
315,26/06/1989,5,-154.9710279,0,19.5545944,26/06/1989,2,2,2
319,20/03/2006,4,3.0537321,0,36.7423136,20/03/2006,2,2,2
324,24/05/2014,0,27.516471,0,40.983453,24/05/2014,1,2,2
340,13/08/2003,0,-79.9046752,0,9.3640946,13/08/2003,1,2,2
350,25/04/1989,3,-115.5207441,0,32.6169877,25/04/1989,2,2,2
350,15/04/1979,35,19.8077044,0,41.3303496,15/04/1979,3,2,2
350,28/03/1969,41,28.530566,0,38.3444294,28/03/1969,3,2,2
355,17/08/1949,437,32.834684,0,39.9717705,17/08/1949,4,2,2
356,01/07/2004,18,44.0837796,0,39.5417929,01/07/2004,3,2,2
368,16/01/2016,0,112.1779083,0,-8.1138428,16/01/2016,1,2,2
381,18/04/2014,0,-99.1992966,0,19.3437551,18/04/2014,1,2,2
400,21/08/1985,0,-77.0084921,0,-12.0507229,21/08/1985,1,3,2
420,01/08/2014,6,3.0896085,0,36.7231452,01/08/2014,2,3,2
422,25/01/2005,2,39.53670959999999,0,39.0894498,25/01/2005,2,3,2
422,13/09/1999,6,29.9385823,0,40.7609447,13/09/1999,2,3,2
450,04/02/1972,1,13.56727,0,43.544303,04/02/1972,2,3,2
469,09/09/2007,0,114.0149586,0,-7.7012284,09/09/2007,1,3,2
480,25/06/2001,0,36.273646,0,37.0546383,25/06/2001,1,3,2
493,21/10/2016,0,133.848106,0,35.4518469,21/10/2016,1,3,2
500,03/01/2002,0,168.2857847,0,-17.7827712,03/01/2002,1,3,2
500,15/09/1994,1,117.6475855,0,39.0250368,15/09/1994,2,3,2
500,28/09/1998,1,112.628609,0,-8.016518,28/09/1998,2,3,2
500,03/11/1988,5,-90.5154638,0,14.6518608,03/11/1988,2,3,2
500,25/09/1968,15,-93.08792600000001,0,16.7612719,25/09/1968,3,3,2
500,27/07/1991,20,44.0142231,0,36.1746597,27/07/1991,3,3,2
502,18/08/2004,1,-76.6017593,0,2.4423291,18/08/2004,2,3,2
504,30/11/1993,0,121.493117,0,31.189177,30/11/1993,1,3,2
507,16/02/2004,5,100.3667857,0,-0.8756314,16/02/2004,2,3,2
515,22/01/2013,1,95.31802499999999,0,5.5413235,22/01/2013,2,3,2
525,12/11/1993,0,76.50952459999999,0,18.3988379,12/11/1993,1,3,2
525,06/02/2016,117,120.25531,0,23.000378,06/02/2016,4,3,2
560,25/04/2015,78,84.0180642,0,27.2590444,25/04/2015,4,3,2
572,07/09/2013,1,-92.1414478,0,14.6804377,07/09/2013,2,3,2
579,07/11/1985,0,32.868527,0,39.930282,07/11/1985,1,3,2
600,26/05/2000,0,23.806908,0,35.53366,26/05/2000,1,3,2
605,14/07/1993,0,25.1447039,0,35.3170112,14/07/1993,1,3,2
611,20/02/1998,1,72.35875589999999,0,34.0514205,20/02/1998,1,3,2
619,18/12/1979,32,115.1767695,0,-8.709959,18/12/1979,3,3,2
643,03/02/2008,36,29.2614966,0,-1.6863481,03/02/2008,3,3,2
650,07/09/1920,0,9.967736900000002,0,44.2124972,07/09/1920,1,3,2
684,23/01/2005,1,119.8815445,0,-0.92405,23/01/2005,2,3,2
690,09/01/1988,0,19.8812117,0,41.2849868,09/01/1988,1,3,2
690,14/12/1998,2,34.715515,0,38.625088,14/12/1998,2,3,2
700,12/04/1998,0,13.5416508,0,46.3315205,12/04/1998,1,3,2
727,28/05/2002,0,-66.9476782,0,-28.8394041,28/05/2002,1,3,2
750,16/10/1986,0,66.5984881,0,27.8018286,16/10/1986,1,3,2
751,05/05/2005,1,-89.7443199,0,13.8459009,05/05/2005,2,3,2
752,21/02/1996,7,-122.4289137,0,37.7282247,21/02/1996,2,3,2
754,06/10/2008,30,118.846973,0,31.95537299999999,06/10/2008,3,3,2
800,19/04/1938,149,34.261867,0,39.263957,19/04/1938,4,3,2
805,02/10/1995,2,-78.0670993,0,-1.4959692,02/10/1995,2,3,2
867,19/11/1991,2,-76.9861825,0,3.8671896,19/11/1991,2,3,2
882,//1931,231,44.6259236,0,40.2772654,//1931,4,3,2
895,19/04/2005,0,130.3990407,0,33.5896991,19/04/2005,1,3,2
900,16/04/1978,5,11.1925148,0,43.7928456,16/04/1978,2,3,2
905,03/04/1998,0,12.7809099,0,43.2197149,03/04/1998,1,3,2
935,29/07/2006,1,76.9695765,0,29.3843533,29/07/2006,2,3,2
984,16/08/1958,191,51.43510389999999,0,35.75888279999999,16/08/1958,4,3,2
1000,21/03/1982,0,14.778898,0,41.005344,21/03/1982,1,3,2
1000,07/05/2000,1,-89.318045,0,44.44241330000001,07/05/2000,2,3,2
1000,18/01/2011,2,68.4089577,0,28.2550783,18/01/2011,2,3,2
1000,29/09/1969,9,18.6422917,0,-33.8237472,29/09/1969,2,3,2
1001,21/04/1977,34,160.2192533,0,-9.4462229,21/04/1977,3,3,2
1003,11/10/1986,0,27.318909,0,38.219047,11/10/1986,1,3,2
1009,29/10/2002,0,15.1144862,0,37.6979295,29/10/2002,1,3,2
1016,04/07/1998,0,37.15233,0,38.2983637,04/07/1998,1,3,2
1040,18/07/2004,2,69.22573179999999,0,33.5983363,18/07/2004,2,3,2
1050,04/06/1982,0,18.921316,0,50.43198590000001,04/06/1982,1,3,2
1075,25/12/2003,2,-82.8599294,0,8.2738207,25/12/2003,2,3,2
1100,21/03/1982,0,140.996406,0,43.1969862,21/03/1982,1,3,2
1100,16/02/1979,13,-71.5330946,0,-16.3998901,16/02/1979,3,3,2
1152,24/08/2016,4,94.87142089999999,0,20.4630499,24/08/2016,2,3,2
1189,//1934,456,44.6259236,0,40.2772654,//1934,4,3,2
1200,17/12/2006,8,98.6802629,0,3.600269,17/12/2006,2,3,2
1202,14/03/2006,3,111.98645,0,-7.996029999999998,14/03/2006,2,3,2
1500,06/08/1996,0,20.7451794,0,40.0364611,06/08/1996,1,3,2
1500,15/12/1979,5,98.6916832,0,3.595717099999999,15/12/1979,2,3,2
1524,/10/1983,4,-69.2877535,0,-23.8369104,/10/1983,2,3,2
1535,24/07/1991,11,-71.76844059999999,0,-15.6413503,24/07/1991,2,3,2
1538,19/05/1995,0,106.8887016,0,-6.980687199999999,19/05/1995,1,3,2
1550,15/10/1988,0,-91.13530200000001,0,14.7493243,15/10/1988,1,3,2
1550,03/04/1999,1,-77.1233901,0,-12.0399956,03/04/1999,1,3,2
1551,01/04/1995,0,139.0599998,0,37.9167012,01/04/1995,1,3,2
1575,09/08/1912,923,27.1274572,0,40.6179016,09/08/1912,4,3,2
1616,11/08/2011,0,108.908898,0,34.22095000000001,11/08/2011,1,3,2
1635,17/10/1992,11,-76.5357219,0,3.2678043,17/10/1992,2,3,2
1643,17/01/2002,45,29.2614966,0,-1.6863481,17/01/2002,3,3,2
1800,23/04/2013,0,20.52053,0,47.5063719,14/04/2013,1,3,2
2000,08/08/1988,0,33.2027075,0,0.4230016,08/08/1988,1,3,2
2000,19/03/1998,0,87.620949,0,43.785214,19/03/1998,1,3,2
2000,01/12/2013,0,79.30993749999999,0,40.4892803,01/12/2013,1,3,2
2000,05/09/1996,0,17.6969398,0,42.8385587,05/09/1996,1,3,2
2000,09/07/1979,41,123.5154083,0,42.0536939,09/07/1979,3,3,2
2000,12/09/1981,250,73.0367014,0,33.726654,12/09/1981,4,3,2
2002,05/08/2014,1,26.616847,0,-26.8917391,05/08/2014,1,3,2
2022,06/12/2014,1,117.38587,0,39.319146,06/12/2014,2,3,2
2036,04/05/1991,0,-82.47967539999999,0,9.4131293,04/05/1991,1,3,2
2040,09/10/1979,0,-90.4106901,0,14.3328593,09/10/1979,1,3,2
2040,04/08/1998,3,-79.20971709999999,0,-3.9717045,04/08/1998,2,3,2
2085,24/01/1987,0,120.350606,0,31.538282,24/01/1987,1,3,2
2100,30/09/1998,0,20.4156148,0,42.015774,30/09/1998,1,3,2
2100,20/05/1992,36,71.4360588,0,33.9920914,20/05/1992,3,3,2
2103,21/02/2008,0,-87.08792509999999,0,45.78015509999999,21/02/2008,1,3,2
2104,27/08/1979,0,114.099087,0,22.553106,27/08/1979,1,3,2
2250,19/01/1992,0,7.4198846,0,36.4738965,19/01/1992,1,3,2
2428,12/05/2015,138,85.32440249999999,0,27.6843851,12/05/2015,4,3,2
2437,09/10/1994,1,128.6503625,0,1.4517607,09/10/1994,2,3,2
2500,03/02/1986,0,-91.9330258,0,15.164274,03/02/1986,1,3,2
2500,29/09/2009,34,-170.711389,0,-14.331389,29/09/2009,3,3,2
2502,23/01/2003,0,118.445801,0,-8.545437,23/01/2003,1,3,2
2505,26/09/2005,5,-76.9441746,0,-6.047451,26/09/2005,2,3,2
2525,26/07/2003,2,91.8124369,0,22.3950583,26/07/2003,2,3,2
2548,15/08/2002,0,120.225308,0,-4.2511188,15/08/2002,1,3,2
2610,20/07/2012,1,118.76851,0,32.057366,20/07/2012,2,3,2
2645,15/02/1978,0,32.5119373,0,37.837074,15/02/1978,1,3,2
2657,22/11/2014,0,137.8582683,0,36.6890585,22/11/2014,1,3,2
2681,28/10/2011,1,-75.740979,0,-14.0450351,28/10/2011,1,3,2
2682,22/01/1981,306,110.7904367,0,-7.5564389,22/01/1981,4,3,2
2738,22/10/2013,1,95.31802499999999,0,5.5413235,22/10/2013,2,3,2
2845,19/01/1995,7,-74.41803999999999,0,5.9836,19/01/1995,2,3,2
3000,13/01/2008,0,72.78806089999999,0,40.5353576,13/01/2008,1,3,2
3000,07/06/2000,1,102.9116918,0,-3.268881,07/06/2000,2,3,2
3000,09/11/1980,7,-77.03412829999999,0,-12.1127694,09/11/1980,2,3,2
3027,26/10/2016,1,12.727938,0,42.755262,26/10/2016,2,3,2
3050,24/11/1987,2,-117.0421227,0,32.3696521,24/11/1987,2,3,2
3060,07/12/1986,3,23.3053235,0,42.72458109999999,07/12/1986,2,3,2
3071,22/07/1993,2,-70.7587034,0,7.0673184,22/07/1993,2,3,2
3075,14/05/1932,6,106.5988421,0,-6.215939300000001,14/05/1932,2,3,2
3309,16/04/2009,22,62.2182326,0,34.3632671,16/04/2009,3,3,2
3410,01/08/2016,0,118.445801,0,-8.545437,01/08/2016,1,3,2
3528,26/10/1998,0,120.309272,0,36.069783,26/10/1998,1,3,2
3531,24/04/2013,18,69.00649489999999,0,33.9622314,24/04/2013,3,3,2
3600,08/03/2010,51,32.497775,0,37.854397,08/03/2010,4,3,2
3713,08/12/2016,0,160.7921433,0,-8.3695519,08/12/2016,1,3,2
3850,29/11/1978,9,-99.30096320000001,0,19.3541283,29/11/1978,2,3,2
3965,09/08/2001,4,-77.0365959,0,-12.1269806,09/08/2001,2,3,2
4030,25/03/2004,9,35.4774381,0,38.7075273,25/03/2004,2,3,2
4199,04/05/2004,0,97.35640389999999,0,37.3695268,04/05/2004,1,3,2
4200,29/04/1984,0,8.9431233,0,39.9530357,29/04/1984,1,3,2
4435,30/01/2012,0,-75.15939110000001,0,-15.3676776,30/01/2012,1,3,2
4470,08/09/2002,4,143.6444046,0,-3.5716108,08/09/2002,2,3,2
4600,16/06/2010,17,136.3348846,0,-1.8565266,16/06/2010,3,3,2
4854,24/08/2016,296,12.5194079,0,41.9328501,24/08/2016,4,3,2
5000,18/12/1949,0,-57.5671014,0,-37.9699711,18/12/1949,1,3,2
5000,11/10/1985,0,-90.2825617,0,14.4094229,11/10/1985,1,3,2
5000,12/01/1997,1,-99.19191300000001,0,19.3419262,12/01/1997,2,3,2
5000,19/09/1979,5,12.6955334,0,42.0558714,19/09/1979,2,3,2
5000,26/11/1943,2824,32.4755303,0,37.8520138,26/11/1943,4,3,3
5005,16/11/1982,1,19.7989101,0,41.3257079,16/11/1982,2,3,3
5005,12/09/1979,2,106.6964921,0,-6.3119915,12/09/1979,2,3,3
5014,29/08/2010,0,123.4037394,0,41.789883,29/08/2010,1,3,3
5025,06/08/1994,0,151.3560185,0,-32.840719,06/08/1994,1,3,3
5060,03/07/1983,2,-83.97027690000002,0,9.9057271,03/07/1983,2,3,3
5060,21/07/1995,14,87.3072454,0,44.0240521,21/07/1995,3,3,3
5083,07/05/1984,3,13.4013333,0,42.05108999999999,07/05/1984,2,3,3
5136,18/09/2011,7,87.63651899999999,0,29.0857603,18/09/2011,2,3,3
5500,08/03/1989,0,106.722633,0,-6.356391599999999,08/03/1989,1,3,3
5500,25/10/2000,0,106.0945499,0,-6.3238753,25/10/2000,1,3,3
5721,20/12/2009,3,33.8930796,0,-9.9540058,20/12/2009,2,3,3
5860,31/12/1994,0,117.2915564,0,31.7423664,31/12/1994,1,3,3
5869,25/05/1992,0,-76.6480219,0,20.3883565,25/05/1992,1,3,3
6300,24/10/1980,65,-96.7239865,0,16.908683,24/10/1980,4,3,3
6500,21/06/1999,0,-99.1992966,0,19.3437551,21/06/1999,1,3,3
6510,11/08/1990,4,-78.5808787,0,-0.2844431,11/08/1990,2,3,3
6949,18/05/2012,0,46.9333866,0,41.5434062,18/05/2012,1,3,3
7000,09/09/1987,0,115.7854,0,25.5997385,09/09/1987,1,3,3
7000,31/01/1991,130,70.5679107,0,34.5043728,31/01/1991,4,3,3
7000,29/10/1976,133,107.1055319,0,-6.3052078,29/10/1976,4,3,3
7084,25/09/2013,0,-71.5330946,0,-16.3998901,25/09/2013,1,3,3
7883,18/08/2012,6,105.2545564,0,-5.418754499999999,18/08/2012,2,3,3
8003,04/05/2003,1,78.551582,0,39.78305539999999,04/05/2003,2,3,3
8411,19/02/1967,54,112.6199246,0,-7.993379999999999,19/02/1967,4,3,3
8438,12/04/2013,0,135.1907811,0,34.6916883,12/04/2013,1,3,3
9082,10/10/2002,8,100.3560503,0,-0.9130303999999999,10/10/2002,2,3,3
9508,24/03/2011,0,103.1008504,0,25.2623344,24/03/2011,1,3,3
9867,17/07/1998,2182,141.3,0,-4.933333,17/07/1998,4,3,3
10000,23/07/1930,1883,12.684718,0,41.7018879,23/07/1930,4,3,3
10077,16/11/2008,6,121.4156195,0,1.1687525,16/11/2008,2,3,3
10808,03/01/2016,8,91.7653347,0,26.1642625,03/01/2016,2,3,3
10900,31/12/1984,20,92.7954106,0,24.8099831,31/12/1984,3,3,3
11182,14/08/2016,4,-79.8330883,0,-6.7846208,14/08/2016,2,3,3
11250,02/12/1924,727,109.9904113,0,-7.680625099999999,02/12/1924,4,3,3
11864,25/10/2010,530,99.6052574,0,-2.079263000000001,25/10/2010,4,3,3
12000,22/05/1997,0,-100.2793304,0,22.4303366,22/05/1997,1,3,3
12184,29/10/1989,22,3.0391654,0,36.744352,29/10/1989,3,3,3
12247,24/09/2015,0,106.8709318,0,-6.3109063,24/09/2015,1,3,3
12256,22/06/1981,10,-77.03412829999999,0,-12.1127694,22/06/1981,2,3,3
12512,28/06/2001,0,106.8060388,0,-6.597146899999999,28/06/2001,1,3,3
12789,18/08/1994,171,0.1414316,0,35.4284358,18/08/1994,4,3,3
13529,05/08/2008,4,123.4441471,0,41.8148299,05/08/2008,2,3,3
14350,29/05/2012,17,12.6324447,0,43.9865423,29/05/2012,3,4,3
15001,26/04/1987,2,98.9880319,0,1.9710106,26/04/1987,2,4,3
15015,24/12/2002,0,47.0536816,0,34.3137505,24/12/2002,1,4,3
15015,08/12/2009,1,33.8930796,0,-9.9540058,08/12/2009,2,4,3
15097,08/02/1995,40,-75.67962,0,4.81263,08/02/1995,3,4,3
15550,07/05/2012,0,46.4251837,0,41.7046241,07/05/2012,1,4,3
16003,11/03/1999,0,120.4491252,0,31.2775101,11/03/1999,1,4,3
16096,23/07/1943,213,110.3806102,0,-7.8136052,23/07/1943,4,4,3
16470,17/12/2006,0,-89.1982421,0,13.7184076,17/12/2006,1,4,3
17196,01/08/1989,120,106.813005,0,-6.393765999999999,01/08/1989,4,4,3
17220,27/10/2001,1,117.7061971,0,39.0034995,27/10/2001,2,4,3
18000,20/10/1995,0,-99.23324819999999,0,19.3590045,20/10/1995,1,4,3
18060,22/04/1991,30,-82.2462407,0,9.3639637,22/04/1991,3,4,3
18509,05/08/2005,0,103.294223,0,26.40961,05/08/2005,1,4,3
18700,06/11/1983,34,121.5899522,0,31.2739202,06/11/1983,3,4,3
20000,27/10/2006,0,114.2165516,0,30.77391,27/10/2006,1,4,3
20000,05/09/1980,0,106.5987001,0,-6.208443700000001,05/09/1980,1,4,3
20000,04/10/1976,10,-78.51191039999999,0,-0.2152248,04/10/1976,2,4,3
20006,01/03/1997,2,120.605161,0,31.311296,01/03/1997,2,4,3
20016,18/09/2011,1,91.40103119999999,0,27.2640446,18/09/2011,2,4,3
20100,05/05/1986,15,31.085344,0,36.91402900000001,05/05/1986,3,4,3
21030,19/09/1983,0,14.083435,0,40.83011,19/09/1983,1,4,3
21404,22/09/1989,0,104.0831099,0,30.7557697,22/09/1989,1,4,3
21800,25/11/2007,3,106.6217617,0,-6.219086099999999,25/11/2007,2,4,3
22019,07/09/2004,0,103.616338,0,36.1097219,07/09/2004,1,4,3
22292,30/10/2016,0,12.5294311,0,41.8767013,30/10/2016,1,4,3
22652,17/12/1987,2,140.1179591,0,35.6092897,17/12/1987,2,4,3
23080,06/06/2000,2,32.8571989,0,39.9376901,06/06/2000,2,4,3
23369,13/11/2003,1,121.6931379,0,31.1965619,13/11/2003,2,4,3
23890,18/09/1991,14,-90.77464429999999,0,14.2724013,18/09/1991,3,4,3
25000,14/07/2001,0,117.5680381,0,32.8714304,14/07/2001,1,4,3
25028,28/05/1998,0,123.956151,0,47.3645,28/05/1998,1,4,3
25850,24/01/1981,150,104.0831099,0,30.7557697,24/01/1981,4,4,3
27000,07/07/2014,3,-90.650498,0,16.513154,07/07/2014,2,4,3
27169,25/12/2008,0,103.1008504,0,25.2623344,25/12/2008,1,4,3
30016,20/10/1990,1,103.38808,0,23.365821,20/10/1990,2,4,3
32000,09/09/1976,12,13.004007,0,46.111935,09/09/1976,3,4,3
32500,19/06/1982,20,-89.55199239999999,0,13.5132038,19/06/1982,3,4,3
32530,28/03/2004,0,35.4774381,0,38.7075273,28/03/2004,1,4,3
36626,23/05/2003,3,71.3230549,0,42.8797257,23/05/2003,2,4,3
40000,09/07/1950,150,-73.1230616,0,7.1341963,09/07/1950,4,4,3
40039,22/11/1991,10,10.1836075,0,36.8107869,22/11/1991,2,4,3
41236,10/03/2015,0,-74.0753585,0,4.586732,10/03/2015,1,4,3
42808,25/02/1991,0,79.043191,0,40.508113,25/02/1991,1,4,3
44465,09/10/1995,58,-104.2380636,0,20.2748286,09/10/1995,4,4,3
45238,26/01/1985,6,-58.74616400000001,0,-34.3796456,26/01/1985,2,4,3
45750,04/04/1991,53,-78.4980037,0,-7.1787091,04/04/1991,4,4,3
50000,15/05/1992,9,66.9829998,0,39.6441452,15/05/1992,2,4,3
50000,18/03/1953,1200,27.575844,0,39.7488573,18/03/1953,4,4,3
50011,25/02/2010,0,122.120469,0,37.5064558,25/02/2010,1,4,3
50060,04/01/1988,0,106.3086736,0,38.50029980000001,04/01/1988,1,4,3
52800,20/11/1989,4,118.7135744,0,32.157778,20/11/1989,2,4,3
58300,23/11/2013,0,123.9967887,0,44.1774285,22/11/2013,1,4,3
62030,11/01/2000,0,123.2933288,0,40.2810808,11/01/2000,1,4,3
62485,18/01/1964,107,120.3712589,0,23.8991789,18/01/1964,4,4,3
64501,01/02/2011,0,104.111321,0,30.745831,01/02/2011,1,4,3
65500,14/12/2002,2,103.6245675,0,36.0985623,14/12/2002,2,4,3
75970,12/11/1996,14,-75.15939110000001,0,-15.3676776,12/11/1996,3,4,3
83381,11/11/2004,33,106.8862582,0,-6.100441099999999,11/11/2004,3,4,3
90218,07/10/1995,84,111.1370075,0,-8.080174399999999,07/10/1995,4,4,3
92725,26/10/2015,115,70.4424473,0,37.5462854,26/10/2015,4,4,3
94783,07/07/2014,1,-91.5382465,0,15.1507939,07/07/2014,2,4,3
100012,18/10/2004,0,121.4788298,0,31.2505922,18/10/2004,1,4,3
100089,11/04/1997,9,120.605161,0,31.311296,11/04/1997,2,4,3
105313,28/03/2005,915,96.04016,0,2.5918899,28/03/2005,4,4,3
111862,27/08/1998,3,120.605161,0,31.311296,27/08/1998,2,4,3
120800,14/04/2016,9,130.7243536,0,32.8136026,14/04/2016,2,4,3
142146,27/01/1993,0,100.2653229,0,25.6069511,27/01/1993,1,4,3
152138,07/12/2016,100,96.2561762,0,5.231664299999999,07/12/2016,4,4,3
155000,15/01/1944,10000,-57.5519208,0,-37.9778284,15/01/1944,4,4,3
155040,21/01/1997,12,87.591517,0,43.818162,21/01/1997,3,4,3
167949,18/09/2011,7,84.4166305,0,28.1265079,18/09/2011,2,4,3
184723,30/05/2014,0,97.926059,0,24.706514,30/05/2014,1,4,3
185084,02/08/1987,0,115.7625341,0,24.9311681,02/08/1987,1,4,3
200040,21/01/1994,7,99.089536,0,2.928373,21/01/1994,2,4,3
200300,03/05/1996,18,106.738732,0,26.560403,03/05/1996,3,4,3
207883,25/04/2015,29,88.8848651,0,29.2581342,25/04/2015,3,4,3
240542,26/03/1991,1,120.32775,0,31.519685,26/03/1991,2,4,3
265106,22/07/2006,22,114.1758148,0,35.2908092,22/07/2006,3,4,3
351000,25/05/2008,8,104.0831099,0,30.7557697,25/05/2008,2,4,3
375035,18/10/1984,3,32.84315700000001,0,39.956653,18/10/1984,2,4,3
500089,06/04/1997,9,77.1590363,0,38.0731842,06/04/1997,2,4,3
502590,25/10/2015,280,73.0449551,0,33.6356132,25/10/2015,4,4,3
575200,18/09/2011,112,88.59564429999999,0,27.2810009,18/09/2011,4,4,3
615500,26/11/2005,16,116.1249129,0,29.6212874,26/11/2005,3,4,3
700010,09/07/1998,1,48.8474941,0,38.7661591,09/07/1998,2,4,3
0,13/06/2005,0,-71.5330946,50,-16.3998901,13/06/2005,1,1,3
0,08/10/2005,1,69.75923,50,34.5916122,08/10/2005,2,1,3
152,13/01/2001,6,-89.8946119,50,14.2887621,13/01/2001,2,2,3
420,19/06/1968,11,-76.9441746,100,-6.047451,19/06/1968,2,3,3
60030,19/03/1977,1,124.6500644,100,8.4692013,19/03/1977,1,4,3
12000,03/11/2006,0,118.8859987,291,42.2519542,03/11/2006,1,3,3
585,29/03/1969,24,35.5680388,320,8.342494499999999,29/03/1969,3,3,3
3006,25/09/1970,0,-75.67962,400,4.81263,25/09/1970,1,3,3
52272,11/12/1967,177,72.8776559,400,19.0759837,11/12/1967,4,4,3
64,17/03/1973,14,121.0469028,450,14.5506214,17/03/1973,3,2,3
10302,26/01/2000,1,123.3944323,483,41.7855983,26/01/2000,2,3,3
1000,24/06/1986,0,142.004546,500,-4.309134,24/06/1986,1,3,3
914292,26/01/2001,12,69.01133519999999,500,24.4655243,26/01/2001,3,4,3
7618,20/02/1968,19,25.2335406,600,39.9235585,20/02/1968,3,3,3
40200,09/02/1967,61,-75.2939897,600,2.9336211,09/02/1967,4,4,3
254,22/10/1999,1,120.4817997,800,23.4802312,22/10/1999,1,2,3
0,04/11/1952,0,-154.9710279,900,19.5545944,04/11/1952,1,1,3
0,22/06/1915,6,-114.6207554,1000,32.6766683,22/06/1915,2,1,3
12,06/08/1988,2,72.8527263,1000,19.026602,06/08/1988,2,2,3
40,04/03/1990,11,67.004532,1000,24.8690037,04/03/1990,2,2,3
97,27/03/2013,1,120.952934,1000,23.969569,27/03/2013,1,2,3
100,03/04/1983,0,95.31802499999999,1000,5.5413235,03/04/1983,1,2,3
475,02/04/1983,10,-84.05692359999999,1000,9.9389028,02/04/1983,2,3,3
1858,27/08/1984,0,99.12463,1000,1.77117,27/08/1984,1,3,3
5112,08/08/1987,5,-71.52987949999999,1000,-32.9838586,08/08/1987,2,3,3
14072,05/02/2004,37,134.8963157,1000,-2.7958094,05/02/2004,3,4,3
20100,27/06/1966,80,87.42460489999999,1000,26.4406659,27/06/1966,4,4,3
1519,02/06/2013,4,120.5562768,1100,24.0806905,02/06/2013,2,3,3
3105,28/09/1997,20,119.6381759,1100,-4.0058625,28/09/1997,3,3,3
1486,11/11/2012,38,96.134727,1170,16.7835723,11/11/2012,3,3,3
3975,19/08/1977,185,107.08913,1200,-6.307441,19/08/1977,4,3,3
5505,23/06/1977,1,-175.142205,1200,-21.242525,23/06/1977,2,3,3
13000,01/01/1996,9,119.8815445,1200,-0.92405,01/01/1996,2,3,3
8817,25/12/1982,13,122.9295173,1450,-8.3250926,25/12/1982,3,3,3
5510,20/03/1966,104,30.2474535,1500,0.6548417,20/03/1966,4,3,3
1833,30/07/1995,3,-72.3734563,1660,-37.4720462,30/07/1995,2,3,3
0,31/10/1970,15,145.324493,1750,-4.845004,31/10/1970,3,1,3
190,12/12/1999,6,121.0469028,1794,14.5506214,12/12/1999,2,2,3
6018,01/12/2003,11,80.71487599999999,1933,43.008275,01/12/2003,2,3,3
2000,04/01/1968,0,-86.2742602,2000,12.1508994,04/01/1968,1,3,3
4124,12/07/2000,0,107.239599,2000,-6.294145,12/07/2000,1,3,3
12038,29/07/1985,5,72.4677086,2000,36.2723293,29/07/1985,2,3,3
15252,09/12/1970,29,-80.7078034,2000,-5.164174699999999,09/12/1970,3,4,3
477894,28/03/1999,100,78.0383901,2000,30.278245,28/03/1999,4,4,3
225,26/12/1994,0,-73.9846167,2100,40.7437887,26/12/1994,1,2,3
2172,15/11/1990,1,96.8658287,2100,4.4435107,15/11/1990,2,3,3
8720,02/06/1994,239,114.2128178,2200,-8.4760748,02/06/1994,4,3,3
37416,06/06/1994,271,-76.37338729999999,2400,3.0502298,06/06/1994,4,4,3
1510,08/11/2009,2,118.7603169,2430,-8.463520899999999,08/11/2009,2,3,3
4290,14/10/1968,0,115.9359712,2600,-32.0213675,14/10/1968,1,3,3
314,24/05/1968,3,174.9255102,2669,-36.9623915,24/05/1968,2,2,3
543,31/12/1983,24,66.4384031,3000,30.954647,31/12/1983,3,3,3
4000,06/06/1964,45,-99.1992966,3000,19.3437551,06/06/1964,3,3,3
12281,11/04/2014,2,-86.31485599999999,3000,12.0561508,11/04/2014,2,3,3
326073,22/07/1967,183,-100.9197982,3000,34.3275516,22/07/1967,4,4,3
16000,31/07/1992,0,91.1655268,3150,29.6632159,31/07/1992,1,4,3
50200,28/12/1974,4700,67.01558229999999,3255,24.8115702,28/12/1974,4,4,3
15000,24/02/1982,0,106.841468,3500,-6.2050919,24/02/1982,1,4,3
16920,21/12/1999,5,107.23171,3900,-6.100829999999999,21/12/1999,2,4,3
0,09/04/1976,10,-80.23009069999999,4000,-1.8139849,09/04/1976,2,1,3
94,24/11/1987,0,-114.6207554,4000,32.6766683,24/11/1987,1,2,3
2003,04/11/2015,0,125.5800197,4000,-8.5537349,04/11/2015,1,3,3
10015,09/02/2013,0,-74.82718299999999,4000,4.3970793,09/02/2013,1,3,3
11050,05/02/1966,1,21.793472,4000,38.915029,05/02/1966,2,3,3
88112,09/12/1970,29,-79.2042882,4000,-4.0355957,09/12/1970,3,4,3
36048,30/05/1979,34,116.08307,4150,-8.363302,30/05/1979,3,4,3
25638,17/02/1996,166,106.8083769,4200,-6.172022999999999,17/02/1996,4,4,3
1865,23/02/1995,2,32.4273384,4340,34.7607767,23/02/1995,2,3,3
10515,30/01/2010,1,105.6906145,4400,30.2804137,30/01/2010,2,3,3
0,//1981,15,35.90045,5000,31.943316,//1981,3,1,3
0,//1982,20,-90.35608119999999,5000,14.0562277,//1982,3,1,3
0,//1980,87,-122.4007418,5000,37.8015774,//1980,4,2,3
0,21/02/1963,320,20.8370009,5000,32.4935913,21/02/1963,4,2,3
30,26/04/1986,6,77.41953099999999,5000,28.65092599999999,26/04/1986,2,2,3
35,02/02/1984,1,69.85136899999999,5000,34.5007589,02/02/1984,2,2,3
261,02/08/1968,271,121.0469028,5000,14.5506214,02/08/1968,4,2,3
3216,01/10/1969,150,-71.52908359999999,5000,-16.4373788,01/10/1969,4,3,3
9170,04/06/1999,1,47.4599826,5000,40.652505,04/06/1999,2,3,3
13100,06/10/1964,23,28.4101387,5000,40.0346892,06/10/1964,3,3,3
16583,/05/1967,9,-77.772964,5000,43.168696,/05/1967,2,4,3
17100,26/11/1987,125,115.1932554,5000,-8.7797875,26/11/1987,4,4,3
20200,13/10/1993,53,145.3899336,5000,-6.081993499999999,13/10/1993,4,4,3
23000,30/11/1986,1,-35.2403273,5000,-5.8261758,30/11/1986,2,4,3
27645,13/06/2005,11,-70.6407933,5000,-33.5780095,13/06/2005,2,4,3
88665,22/05/1971,878,29.086452,5000,41.004604,22/05/1971,4,4,3
18,/12/1949,6,-71.62201,5200,-33.0519512,/12/1949,2,2,3
90500,16/12/2013,0,110.4313947,6300,31.1705918,16/12/2013,1,4,3
0,25/08/1906,0,39.9041603,6750,10.0180847,25/08/1906,1,1,3
68761,12/01/2006,0,121.4601533,6900,31.0727626,12/01/2006,1,4,3
30705,28/03/1996,27,-78.52288700000001,7000,-0.2600718,28/03/1996,3,4,3
0,/06/1979,0,115.9380901,7075,-32.0722537,/06/1979,1,1,3
15,/12/1953,3,-71.62201,7310,-33.0519512,/12/1953,2,2,3
3000,21/09/1993,2,-121.0496185,7500,42.89383979999999,21/09/1993,2,3,3
0,29/06/1925,13,-120.5626996,8000,34.7124282,29/06/1925,3,1,3
10000,30/07/1970,176,47.0571193,8000,38.4703541,30/07/1970,4,3,3
11042,12/12/1979,579,-77.2860673,8000,1.2014556,12/12/1979,4,3,3
30253,09/03/1965,38,24.0633627,8000,38.1615297,09/03/1965,3,4,3
3049,11/02/2009,0,126.7253741,9000,3.9110615,11/02/2009,1,3,3
0,10/11/1940,980,26.096638,10000,44.4275721,10/11/1940,4,2,3
605,12/07/2004,1,13.5543304,10000,46.248281,12/07/2004,1,3,3
1754,24/05/2008,11,-73.8717379,10000,4.3319034,24/05/2008,2,3,3
3294,25/11/2000,31,49.7967066,10000,40.4296192,25/11/2000,3,3,3
4250,03/01/2009,5,134.045395,10000,-0.859028,03/01/2009,2,3,3
43674,03/10/1974,78,-76.909312,10000,-12.1981364,03/10/1974,4,4,3
75320,28/10/2008,166,67.35068679999999,10000,30.7197484,28/10/2008,4,4,3
204794,31/01/1991,300,71.90382389999999,10000,34.5143146,31/01/1991,4,4,3
35,/09/1958,0,-71.62201,10100,-33.0519512,/09/1958,1,2,3
150,05/12/2004,0,12.378088,12000,49.7208298,05/12/2004,1,2,4
16780,17/11/2015,0,72.2094517,12000,39.5526421,17/11/2015,1,4,4
30040,01/01/2004,1,106.8455727,12000,-6.3679742,01/01/2004,2,4,4
30,28/02/1990,0,-121.464619,12700,38.5843686,28/02/1990,1,2,4
15123,01/09/1966,1,24.0633627,14000,38.1615297,01/09/1966,2,4,4
8640,22/02/2015,0,114.1461649,14650,22.5780288,22/02/2015,1,3,4
0,31/03/1931,1000,-86.2742602,15000,12.1508994,31/03/1931,4,2,4
2032,01/03/2015,0,98.9151672,15000,23.993757,01/03/2015,1,3,4
108356,17/10/1966,120,-122.4442972,15000,38.2668735,17/10/1966,4,4,4
43200,02/11/1979,26,106.8060388,16000,-6.597146899999999,02/11/1979,3,4,4
53372,06/09/1975,2385,40.643379,17000,38.4618859,06/09/1975,4,4,4
16191,04/07/1991,28,124.5670367,18000,-8.2172324,04/07/1991,3,4,4
14299,22/12/1990,1,-84.2138386,19500,10.0010716,22/12/1990,2,4,4
0,26/12/1939,32962,29.2192784,20000,40.9102174,26/12/1939,4,2,4
58,09/03/2005,2,26.616847,20000,-26.8917391,09/03/2005,2,2,4
21870,30/11/1967,7,21.4737076,20000,41.9878663,30/11/1967,2,4,4
100000,05/08/1949,6000,-78.54456689999999,20000,-0.2422432,05/08/1949,4,4,4
109500,19/08/1966,2394,32.828986,20000,39.973791,19/08/1966,4,4,4
1575000,/03/1972,12,-76.728707,20000,-7.1650651,/03/1972,3,4,4
29832,12/09/2016,0,-118.3049844,21000,34.0612439,12/09/2016,1,4,4
4670,14/09/1995,6,-99.1892687,21100,19.5982357,14/09/1995,2,3,4
8080,05/04/1986,15,-71.53239669999999,22000,-16.4369222,05/04/1986,3,3,4
107084,01/12/1998,0,120.312235,22600,36.068854,01/12/1998,1,4,4
0,06/05/1951,1000,-88.1605467,23000,13.4809723,06/05/1951,4,2,4
33128,19/03/1996,26,117.963926,24000,28.441904,19/03/1996,3,4,4
300109,23/02/2001,3,90.7367775,24000,29.3507321,23/02/2001,2,4,4
0,01/04/1946,165,-154.9710279,25000,19.5545944,01/04/1946,4,2,4
17,22/04/1997,0,-61.52256069999999,25000,10.6872894,22/04/1997,1,2,4
29,28/07/1957,160,-99.8642883,25000,16.8686621,28/07/1957,4,2,4
2000,10/06/1956,100,69.2517508,25000,34.5487781,10/06/1956,4,3,4
6179,01/09/1992,179,-86.4936531,25000,12.7754757,01/09/1992,4,3,4
11000,03/02/1931,256,176.917957,25000,-39.4885495,03/02/1931,4,3,4
216000,24/11/1976,3840,32.90770800000001,25000,39.954216,24/11/1976,4,4,4
834137,30/10/1983,1346,59.55759980000001,25000,36.3130972,30/10/1983,4,4,4
0,29/04/1965,7,-122.2958328,28000,47.6016491,29/04/1965,2,1,4
16,/09/1942,5,-71.62201,28000,-33.0519512,/09/1942,2,2,4
50100,09/03/1989,9,34.5857148,28000,-13.7609036,09/03/1989,2,4,4
0,22/08/1952,2,-118.1826186,30000,34.8604346,22/08/1952,2,1,4
4830,26/12/2004,3,55.5213833,30000,-4.7042356,26/12/2004,2,3,4
7535,14/03/1979,5,-99.1992966,30000,19.3437551,14/03/1979,2,3,4
26006,14/08/1996,0,35.2921488,30000,40.5266507,14/08/1996,1,4,4
52770,04/05/2000,45,123.483191,30000,-1.365629,04/05/2000,3,4,4
90000,14/01/1907,1200,-76.8063639,30000,17.9840578,14/01/1907,4,4,4
103000,/09/1962,12000,50.06737769999999,30000,36.1840731,/09/1962,4,4,4
150190,12/04/2001,2,123.3784709,31000,41.825524,12/04/2001,2,4,4
0,19/05/1940,9,-114.6207554,33000,32.6766683,19/05/1940,2,1,4
15000,18/07/1997,0,44.9965487,33333,41.1707349,18/07/1997,1,4,4
5000,17/10/1982,0,14.4072748,35000,40.9151142,17/10/1982,1,3,4
139720,03/05/1965,125,-89.19916119999999,35000,13.6928799,03/05/1965,4,4,4
156500,22/05/1997,43,79.9513114,37000,23.2191762,22/05/1997,3,4,4
80555,17/04/2013,0,114.410277,38000,23.063368,17/04/2013,1,4,4
0,11/03/1933,116,-74.226406,38500,39.5805204,11/03/1933,4,2,4
15030,03/11/1968,1,19.2618917,38600,42.4429281,03/11/1968,2,4,4
155,20/04/1949,35,-71.5273413,39000,-32.9302968,20/04/1949,3,2,4
0,07/03/1927,2925,139.6615164,40000,35.5826644,07/03/1927,4,2,4
275043,25/10/2003,9,125.8390778,40000,44.1512556,25/10/2003,2,4,4
204714,04/06/2000,103,101.451179,41000,0.511617,04/06/2000,4,4,4
4220,06/02/1971,22,9.2056282,41600,45.325606,06/02/1971,3,3,4
177611,21/08/2000,1,102.3973437,43000,25.5088582,21/08/2000,2,4,4
3020004,01/11/1999,0,112.567062,44000,37.834171,01/11/1999,1,4,4
20,02/02/1999,0,-1.4432732,44004,38.0705333,02/02/1999,1,2,4
762,05/09/2012,2,-84.958445,45000,10.280573,05/09/2012,2,3,4
53098,14/10/1997,8,-71.5418053,48000,-33.0398433,14/10/1997,2,4,4
0,21/07/1952,14,-119.0252393,50000,35.3844462,21/07/1952,3,1,4
1030,08/11/1983,2,5.5794896,50000,50.6338973,08/11/1983,2,3,4
1525,13/04/1992,1,6.938676699999999,50000,50.929013,13/04/1992,2,3,4
13840,21/07/2013,0,174.7741187,50000,-41.2850836,21/07/2013,1,3,4
81536,29/07/1967,240,-66.89655130000001,50000,10.504936,29/07/1967,4,4,4
82355,22/11/2014,5,104.0831099,50000,30.7557697,22/11/2014,2,4,4
286116,26/10/1969,15,17.1963358,50000,44.7709659,26/10/1969,3,4,4
26591,07/05/1989,1,99.40617019999999,54000,23.5379333,07/05/1989,2,4,4
12833,26/11/2004,32,134.8963157,55000,-2.7958094,26/11/2004,3,3,4
35543,17/07/2006,802,107.0590069,55000,-6.246845,17/07/2006,4,4,4
83448,28/03/1970,1086,27.210129,55600,38.460215,28/03/1970,4,4,4
427740,03/03/2013,0,99.9293,56000,25.9952671,03/03/2013,1,4,4
143000,01/11/2011,0,84.86217300000001,56400,44.327334,01/11/2011,1,4,4
34319,26/04/1990,126,94.90110430000001,58350,36.387695,26/04/1990,4,4,4
0,13/01/1915,29980,13.336042,60000,42.059895,13/01/1915,4,2,4
54383,20/10/1991,1500,72.8018561,60000,18.9529556,20/10/1991,4,4,4
60056,16/10/2003,3,101.099695,60000,25.857958,16/10/2003,2,4,4
225015,24/05/2014,0,97.926059,60000,24.706514,24/05/2014,1,4,4
301016,20/08/1988,709,83.6012203,60000,27.574715,20/08/1988,4,4,4
17523,05/05/2014,1,99.84198939999999,62000,19.8916596,05/05/2014,1,4,4
337443,19/11/1998,3,113.56774,70000,24.997659,19/11/1998,2,4,4
20003766,21/08/1988,382,85.8897856,71500,26.1663076,21/08/1988,4,4,4
1855007,14/01/2000,7,108.9156622,73500,34.2370335,14/01/2000,2,4,4
1295584,21/07/2003,16,101.099695,75000,25.857958,21/07/2003,3,4,4
0,13/04/1949,8,-122.1662534,80000,47.5847382,13/04/1949,2,1,4
20297,24/10/1995,46,100.2653229,80000,25.6069511,24/10/1995,3,4,4
40100,23/11/1977,70,-64.2064994,80000,-31.3856238,23/11/1977,4,4,4
252327,03/02/2002,42,31.0452903,95000,38.71623719999999,03/02/2002,3,4,4
0,13/04/1992,0,4.3639297,100000,51.1522562,13/04/1992,1,1,4
0,26/12/2004,1,39.7088843,100000,-4.0030243,26/12/2004,2,1,4
0,12/08/1953,455,20.8663516,100000,37.8172022,12/08/1953,4,2,4
0,16/08/1906,20000,-71.62201,100000,-33.0519512,16/08/1906,4,2,4
32,22/04/1992,0,-118.284756,100000,34.0294857,22/04/1992,1,2,4
35,/04/1943,12,-71.62201,100000,-33.0519512,/04/1943,3,2,4
10419,22/04/1991,47,-82.8531955,100000,9.625727099999999,22/04/1991,3,3,4
24297,25/03/2012,1,-71.8213981,100000,-36.1545708,25/03/2012,2,4,4
25155,14/11/2007,2,-71.1970463,100000,-30.5993264,14/11/2007,2,4,4
50136,28/05/2009,7,-86.7969244,100000,15.7762238,28/05/2009,2,4,4
92103,12/12/1992,2500,122.2081124,100000,-8.618471699999999,12/12/1992,4,4,4
185749,24/09/2013,399,62.40656019999999,100000,25.3387124,24/09/2013,4,4,4
513387,01/04/2014,6,-70.2823688,100000,-18.4448347,01/04/2014,2,4,4
150000,28/12/1908,75000,15.553841,116000,38.1939046,28/12/1908,4,4,4
178603,22/01/2003,29,-99.15719299999999,116300,19.4209179,22/01/2003,3,4,4
25000,29/02/1960,12000,-9.5593983,120000,30.4292161,29/02/1960,4,4,4
20350,28/03/1965,400,-70.63091179999999,125000,-33.4533068,28/03/1965,4,4,4
55935,02/07/2013,48,97.157815,130000,3.3288633,02/07/2013,3,4,4
86806,19/08/1992,54,73.0046212,130000,40.9489076,19/08/1992,4,4,4
27030,03/11/2010,2,20.6986097,132260,43.7203424,03/11/2010,2,4,4
290520,01/05/2003,177,29.086452,135000,41.004604,01/05/2003,4,4,4
0,22/05/1960,138,141.4312233,140000,38.4342009,22/05/1960,4,2,4
3529,15/10/2006,0,-154.9710279,150000,19.5545944,15/10/2006,1,3,4
517000,24/02/2003,268,76.744314,157000,39.458023,24/02/2003,4,4,4
339792,02/09/2009,128,112.621789,160000,-7.958672899999999,02/09/2009,4,4,4
115215,30/09/1999,31,-99.3080731,164800,19.3551832,30/09/1999,3,4,4
448,13/06/2008,23,139.5384558,167000,35.5926103,13/06/2008,3,3,4
455500,16/08/2003,4,103.798803,167000,25.501564,16/08/2003,2,4,4
285,28/12/1994,2,141.500758,170400,40.5203968,28/12/1994,2,2,4
49399,16/02/1994,207,104.0787299,170476,-5.03704,16/02/1994,4,4,4
450000,12/02/2014,0,117.701033,174000,39.761725,12/02/2014,1,4,4
2023,03/02/2014,0,20.7957387,178000,38.0663046,26/01/2014,1,3,4
454755,14/07/1976,573,115.1767695,195000,-8.709959,14/07/1976,4,4,4
160,22/12/2003,2,-120.6967363,200000,35.6432411,22/12/2003,2,2,4
6448,29/11/1998,33,127.8752683,200000,0.327046,29/11/1998,3,3,4
15300,11/05/2011,10,-5.9208425,200000,37.2932107,11/05/2011,2,4,4
128618,08/01/2009,31,-84.2138386,200000,10.0010716,08/01/2009,3,4,4
137660,06/03/2007,67,102.47895,200000,-0.3515499,06/03/2007,4,4,4
160240,01/10/1995,94,32.846068,205800,40.007122,01/10/1995,4,4,4
7025,02/03/1987,1,176.1617851,210000,-37.6906297,02/03/1987,2,3,4
1321742,07/11/2012,44,-90.7238825,210000,15.6096454,07/11/2012,3,4,4
2200,01/10/1987,8,-118.1923877,213000,33.808011,01/10/1987,2,3,4
16200,15/06/1999,15,-99.15407189999999,226800,19.4241618,15/06/1999,3,4,4
2303,26/05/2003,0,141.1448097,233000,39.70286919999999,26/05/2003,1,3,4
460,/03/1963,280,-71.62201,235000,-33.0519512,/03/1963,4,3,4
2348973,08/07/1971,85,-71.62201,236400,-33.0519512,08/07/1971,4,4,4
10121,19/05/2011,3,28.9688381,244000,39.08852479999999,19/05/2011,2,3,4
240600,29/07/1980,100,80.1815019,245000,28.9658984,29/07/1980,4,4,4
41027,25/03/2007,1,135.5251369,250000,34.7632579,25/03/2007,2,4,4
55563,15/01/1968,224,12.8677254,250000,37.8091724,15/01/1968,4,4,4
600100,20/06/1978,50,23.6823974,250000,37.95565,20/06/1978,3,4,4
1270364,06/11/1988,939,123.398984,269000,41.839487,06/11/1988,4,4,4
255324,07/10/2014,1,123.2937214,274000,41.8032089,07/10/2014,2,4,4
30000,29/09/1993,9748,77.57714109999999,280000,12.9730373,29/09/1993,4,4,4
598000,10/01/1998,49,116.3692169,285500,39.0033323,10/01/1998,3,4,4
5440,10/03/2011,25,104.111321,290000,30.745831,10/03/2011,3,3,4
349978,23/06/2001,145,-71.5330946,300000,-16.3998901,23/06/2001,4,4,4
65336,09/07/2009,1,116.9388711,315000,38.7276435,09/07/2009,2,4,4
49011,20/03/2012,2,-99.1992966,320000,19.3437551,20/03/2012,2,4,4
329,02/06/2007,3,120.3873656,342000,30.2980207,02/06/2007,2,2,4
256021,13/02/2001,315,-89.1464953,348500,13.6879493,13/02/2001,4,4,4
19156,25/04/2002,6,44.8159465,350000,41.797063,25/04/2002,2,4,4
10522,15/01/1993,2,144.3955504,358000,43.0096548,15/01/1993,2,3,4
3535,20/03/2005,1,130.3990407,400000,33.5896991,20/03/2005,2,3,4
36200,31/03/1983,250,-76.6017593,410900,2.442329,31/03/1983,4,4,4
18191,25/07/2003,0,140.8683644,411000,38.26403210000001,25/07/2003,1,4,4
15060,13/05/1995,26,21.7879744,450000,40.3435585,13/05/1995,3,4,4
75002,24/05/2014,3,20.9019978,450000,37.7429399,24/05/2014,2,4,4
310100,15/04/1979,121,19.2618917,450000,42.4429281,15/04/1979,4,4,4
27214,26/12/2004,102,72.7430576,470100,4.1917224,26/12/2004,4,4,4
1000589,30/08/2008,40,121.5805461,492000,31.1139695,30/08/2008,3,4,4
0,26/12/2004,2,90.35654269999999,500000,22.7076146,26/12/2004,2,1,4
0,06/09/2002,2,13.4298645,500000,38.0577733,06/09/2002,2,1,4
40,06/05/1953,12,-70.9894575,500000,-34.5955226,06/05/1953,3,2,4
2700,13/12/1990,19,15.2689386,500000,37.0999511,13/12/1990,3,3,4
5063,26/12/2004,80,100.3004762,500000,5.3774881,26/12/2004,4,3,4
11261,24/03/2001,2,132.455323,500000,34.391594,24/03/2001,2,3,4
15700,26/12/2004,71,98.538124,500000,10.04994,26/12/2004,4,4,4
112000,14/04/2010,2968,121.6095456,500000,31.2755747,14/04/2010,4,4,4
459567,12/09/2007,25,102.2761217,500000,-3.7929112,12/09/2007,3,4,4
5077795,03/02/1996,309,117.237435,506000,39.082847,03/02/1996,4,4,4
0,18/04/1906,2000,-122.485965,524000,37.7554159,18/04/1906,4,2,4
3216240,31/05/1970,66794,-71.53239669999999,530000,-16.4369222,31/05/1970,4,4,4
1000,09/02/1971,65,-93.29748529999999,535000,44.9521807,09/02/1971,4,3,4
1589600,28/06/1998,145,35.8072238,550000,37.4499406,28/06/1998,4,4,4
2003000,21/05/1960,6000,-72.9246172,550000,-41.46556090000001,21/05/1960,4,4,4
232,11/04/2003,0,12.6188873,561352,41.7809007,11/04/2003,1,2,4
773,25/09/2003,2,141.352615,563000,43.067934,25/09/2003,2,3,4
658331,15/08/2007,593,-76.1969166,600000,-13.7152208,15/08/2007,4,4,4
3250,24/08/2014,1,-122.4229199,700000,37.7455459,24/08/2014,2,3,4
45300,13/09/1986,20,21.7639226,745000,39.5547323,13/09/1986,3,4,4
348850,13/03/1992,653,39.4564503,750000,39.7558884,13/03/1992,4,4,4
8533,31/10/2002,30,14.9647434,796000,41.6840763,31/10/2002,3,3,4
35376,16/06/1964,25,139.0599998,800000,37.9167012,16/06/1964,3,4,4
681499,16/09/2015,19,-72.92873569999999,800000,-41.4656435,16/09/2015,3,4,4
720000,23/12/1972,10000,-86.2742602,845000,12.1508994,23/12/1972,4,4,4
2500,12/06/1978,28,140.8683644,865000,38.26403210000001,12/06/1978,3,3,4
58500,24/01/1939,30000,-72.0923924,920000,-36.6085322,24/01/1939,4,4,4
0,28/06/1948,5131,136.2129528,1000000,36.06530559999999,28/06/1948,4,2,4
96,04/03/2010,0,120.5562768,1000000,24.0806905,04/03/2010,1,2,4
2115,28/12/1989,12,151.7338892,1000000,-32.918431,28/12/1989,3,3,4
67007,26/12/2004,8345,98.38502899999999,1000000,7.885135099999999,26/12/2004,4,4,4
123887,22/07/2013,95,102.8683452,1000000,34.9457299,22/07/2013,4,4,4
224948,12/11/1999,845,31.159206,1000000,40.898903,12/11/1999,4,4,4
744821,07/09/2012,81,103.140972,1000000,24.91469,07/09/2012,4,4,4
4993000,04/02/1976,23000,-90.5154638,1000000,14.6518608,04/02/1976,4,4,4
654512,26/12/2004,16389,79.7006895,1022800,12.8199023,26/12/2004,4,4,4
25232,04/04/2010,2,-99.05782320000002,1150000,19.566694,04/04/2010,2,4,4
92649,12/10/1992,552,31.32830319999999,1200000,30.0907355,12/10/1992,4,4,4
1019306,26/12/2004,35399,80.6179094,1316500,7.371361599999999,26/12/2004,4,4,4
32938,23/10/2011,604,36.31353190000001,1500000,41.2848595,23/10/2011,4,4,4
150000,05/03/1987,5000,-78.51042249999999,1500000,-0.2129938,05/03/1987,4,4,4
770000,10/10/1986,1100,-89.19916119999999,1500000,13.6928799,10/10/1986,4,4,4
1334529,13/01/2001,844,-89.2083626,1500000,13.7110628,13/01/2001,4,4,4
1482275,03/03/1985,180,-71.62201,1500000,-33.0519512,03/03/1985,4,4,4
1205933,25/01/1999,1186,-75.66445999999999,1857366,4.543399,25/01/1999,4,4,4
400,28/02/2001,1,-122.2958328,2000000,47.6016491,28/02/2001,2,3,4
386300,04/03/1977,1641,26.096638,2000000,44.4275721,04/03/1977,4,4,4
2501798,30/09/2009,1195,98.6326795,2200000,3.6103592,30/09/2009,4,4,4
56000,06/04/2009,295,13.282818,2500000,42.326895,06/04/2009,4,4,4
6321812,26/01/2001,20005,72.5167045,2623000,23.0020117,26/01/2001,4,4,4
345,13/06/2011,1,172.5966677,3000000,-43.2767373,13/06/2011,1,2,4
3177923,26/05/2006,5778,110.3625107,3100000,-7.7504152,26/05/2006,4,4,4
50,13/11/2016,2,172.8460192,3900000,-42.7766109,13/11/2016,2,2,4
2130204,19/09/1985,9500,-99.30096320000001,4104000,19.3541283,19/09/1985,4,4,4
115139,07/09/1999,143,23.78657,4200000,38.120638,07/09/1999,4,4,4
532898,26/12/2004,165708,97.9129873,4451600,4.5575168,26/12/2004,4,4,4
38100,03/10/1997,14,13.029402,4524900,41.300533,26/09/1997,3,4,4
210261,21/05/2003,2266,5.1440129,5000000,36.3102795,21/05/2003,4,4,4
1120513,03/08/2014,731,113.278886,5000000,23.1446222,03/08/2014,4,4,4
5639722,25/04/2015,8831,84.7314646,5174000,28.5248959,25/04/2015,4,4,4
930317,10/10/1980,2633,1.3547607,5200000,36.1584495,10/10/1980,4,4,4
5128309,08/10/2005,73338,72.672826,5200000,34.9002785,08/10/2005,4,4,4
3757,18/10/1989,62,-122.485965,5600000,37.7554159,18/10/1989,4,3,4
164000,27/07/1976,242000,121.629256,5600000,38.912004,27/07/1976,4,4,4
300002,03/09/2010,0,172.631093,6500000,-43.510095,03/09/2010,1,4,4
2198785,20/04/2013,198,123.4244678,6800000,41.8204788,20/04/2013,4,4,4
3700000,12/01/2010,222570,-72.3540644,8000000,18.5327562,12/01/2010,4,4,4
1642000,07/12/1988,25000,44.6259236,14000000,40.2772654,07/12/1988,4,4,4
108664,21/09/1999,2264,120.6571319,14100000,23.8599917,21/09/1999,4,4,4
301500,21/02/2011,181,172.631093,15000000,-43.510095,21/02/2011,4,4,4
11050,20/05/2012,7,11.2385383,15800000,44.8241552,20/05/2012,2,3,4
298432,16/04/2016,49,130.7243536,20000000,32.8136026,16/04/2016,3,4,4
407700,23/11/1980,4689,14.778898,20000000,41.005344,23/11/1980,4,4,4
1358953,17/08/1999,17127,30.0147931,20000000,40.7128023,17/08/1999,4,4,4
27000,17/01/1994,60,-118.4668091,30000000,33.9810276,17/01/1994,4,4,4
2671556,27/02/2010,562,-72.0473137,30000000,-36.1833319,27/02/2010,4,4,4
45976596,12/05/2008,87476,103.5838828,85000000,31.4809652,12/05/2008,4,4,4
541636,17/01/1995,5297,135.1907811,100000000,34.6916883,17/01/1995,4,4,4
